Statistic,Value
R-squared,0.550450630467314
Adjusted R-squared,0.4910761854346951
F-statistic,9.27083411331103
F p-value,5.442999214851231e-13
AIC,897.3747477836589
BIC,942.1073965132068
Residual SE,9.236526567638396
